"Habitat","Colour"
"Rural","Black"
"Rural","Black"
"Rural","Black"
"Rural","Black"
"Rural","Black"
"Rural","Black"
"Rural","Black"
"Rural","Black"
"Rural","Black"
"Rural","Black"
"Rural","Black"
"Rural","Black"
"Rural","Black"
"Rural","Black"
"Rural","Black"
"Rural","Black"
"Rural","Black"
"Rural","Black"
"Rural","Black"
"Rural","Black"
"Rural","Black"
"Rural","Black"
"Rural","Black"
"Rural","Black"
"Rural","Black"
"Rural","Black"
"Rural","Black"
"Rural","Black"
"Rural","Black"
"Rural","Black"
"Rural","Red"
"Rural","Red"
"Rural","Red"
"Rural","Red"
"Rural","Red"
"Rural","Red"
"Rural","Red"
"Rural","Red"
"Rural","Red"
"Rural","Red"
"Rural","Red"
"Rural","Red"
"Rural","Red"
"Rural","Red"
"Rural","Red"
"Rural","Red"
"Rural","Red"
"Rural","Red"
"Rural","Red"
"Rural","Red"
"Rural","Red"
"Rural","Red"
"Rural","Red"
"Rural","Red"
"Rural","Red"
"Rural","Red"
"Rural","Red"
"Rural","Red"
"Rural","Red"
"Rural","Red"
"Rural","Red"
"Rural","Red"
"Rural","Red"
"Rural","Red"
"Rural","Red"
"Rural","Red"
"Rural","Red"
"Rural","Red"
"Rural","Red"
"Rural","Red"
"Rural","Red"
"Rural","Red"
"Rural","Red"
"Rural","Red"
"Rural","Red"
"Rural","Red"
"Rural","Red"
"Rural","Red"
"Rural","Red"
"Rural","Red"
"Rural","Red"
"Rural","Red"
"Rural","Red"
"Rural","Red"
"Rural","Red"
"Rural","Red"
"Rural","Red"
"Rural","Red"
"Rural","Red"
"Rural","Red"
"Rural","Red"
"Rural","Red"
"Rural","Red"
"Rural","Red"
"Rural","Red"
"Rural","Red"
"Rural","Red"
"Rural","Red"
"Rural","Red"
"Rural","Red"
"Industrial","Black"
"Industrial","Black"
"Industrial","Black"
"Industrial","Black"
"Industrial","Black"
"Industrial","Black"
"Industrial","Black"
"Industrial","Black"
"Industrial","Black"
"Industrial","Black"
"Industrial","Black"
"Industrial","Black"
"Industrial","Black"
"Industrial","Black"
"Industrial","Black"
"Industrial","Black"
"Industrial","Black"
"Industrial","Black"
"Industrial","Black"
"Industrial","Black"
"Industrial","Black"
"Industrial","Black"
"Industrial","Black"
"Industrial","Black"
"Industrial","Black"
"Industrial","Black"
"Industrial","Black"
"Industrial","Black"
"Industrial","Black"
"Industrial","Black"
"Industrial","Black"
"Industrial","Black"
"Industrial","Black"
"Industrial","Black"
"Industrial","Black"
"Industrial","Black"
"Industrial","Black"
"Industrial","Black"
"Industrial","Black"
"Industrial","Black"
"Industrial","Black"
"Industrial","Black"
"Industrial","Black"
"Industrial","Black"
"Industrial","Black"
"Industrial","Black"
"Industrial","Black"
"Industrial","Black"
"Industrial","Black"
"Industrial","Black"
"Industrial","Black"
"Industrial","Black"
"Industrial","Black"
"Industrial","Black"
"Industrial","Black"
"Industrial","Black"
"Industrial","Black"
"Industrial","Black"
"Industrial","Black"
"Industrial","Black"
"Industrial","Black"
"Industrial","Black"
"Industrial","Black"
"Industrial","Black"
"Industrial","Black"
"Industrial","Black"
"Industrial","Black"
"Industrial","Black"
"Industrial","Black"
"Industrial","Black"
"Industrial","Black"
"Industrial","Black"
"Industrial","Black"
"Industrial","Black"
"Industrial","Black"
"Industrial","Black"
"Industrial","Black"
"Industrial","Black"
"Industrial","Black"
"Industrial","Black"
"Industrial","Black"
"Industrial","Black"
"Industrial","Black"
"Industrial","Black"
"Industrial","Black"
"Industrial","Black"
"Industrial","Black"
"Industrial","Black"
"Industrial","Black"
"Industrial","Black"
"Industrial","Black"
"Industrial","Black"
"Industrial","Black"
"Industrial","Black"
"Industrial","Black"
"Industrial","Black"
"Industrial","Black"
"Industrial","Black"
"Industrial","Black"
"Industrial","Black"
"Industrial","Black"
"Industrial","Black"
"Industrial","Black"
"Industrial","Black"
"Industrial","Black"
"Industrial","Black"
"Industrial","Black"
"Industrial","Black"
"Industrial","Black"
"Industrial","Black"
"Industrial","Black"
"Industrial","Black"
"Industrial","Black"
"Industrial","Black"
"Industrial","Black"
"Industrial","Red"
"Industrial","Red"
"Industrial","Red"
"Industrial","Red"
"Industrial","Red"
"Industrial","Red"
"Industrial","Red"
"Industrial","Red"
"Industrial","Red"
"Industrial","Red"
"Industrial","Red"
"Industrial","Red"
"Industrial","Red"
"Industrial","Red"
"Industrial","Red"
"Industrial","Red"
"Industrial","Red"
"Industrial","Red"
"Industrial","Red"
"Industrial","Red"
"Industrial","Red"
"Industrial","Red"
"Industrial","Red"
"Industrial","Red"
"Industrial","Red"
"Industrial","Red"
"Industrial","Red"
"Industrial","Red"
"Industrial","Red"
"Industrial","Red"
"Industrial","Red"
"Industrial","Red"
"Industrial","Red"
"Industrial","Red"
"Industrial","Red"
"Industrial","Red"
"Industrial","Red"
"Industrial","Red"
"Industrial","Red"
"Industrial","Red"
"Industrial","Red"
"Industrial","Red"
"Industrial","Red"
"Industrial","Red"
"Industrial","Red"
"Industrial","Red"
"Industrial","Red"
"Industrial","Red"
"Industrial","Red"
"Industrial","Red"
"Industrial","Red"
"Industrial","Red"
"Industrial","Red"
"Industrial","Red"
"Industrial","Red"
"Industrial","Red"
"Industrial","Red"
"Industrial","Red"
"Industrial","Red"
"Industrial","Red"
"Industrial","Red"
"Industrial","Red"
"Industrial","Red"
"Industrial","Red"
"Industrial","Red"
"Industrial","Red"
"Industrial","Red"
"Industrial","Red"
"Industrial","Red"
"Industrial","Red"
"Industrial","Red"
"Industrial","Red"
"Industrial","Red"
"Industrial","Red"
"Industrial","Red"
"Industrial","Red"
"Industrial","Red"
"Industrial","Red"
"Industrial","Red"
"Industrial","Red"
"Industrial","Red"
"Industrial","Red"
"Industrial","Red"
"Industrial","Red"
"Industrial","Red"
